cpu,samples,mean_util,p95_util,max_util,pct_time_high
0.0,121,0.03394903581267232,0.03,1.0,0.826
1.0,121,0.03276859504132149,0.029,1.0,0.826
2.0,121,0.03790358126721667,0.036,1.0,0.826
3.0,121,0.034254820936639424,0.031,1.0,0.826
